ID,ILLUM,HUMID,CO2,SOUND,TEMP,RYTHM
0,337.9,63.29,518.13,22.38,18.59,77.66333333333334
1,342.96,63.19,488.85,37.36,20.41,82.15
2,369.86,57.39,516.86,26.45,20.89,90.16000000000001
3,304.65,67.8,517.5,32.98,22.52,82.30666666666666
4,442.25,68.21,500.91,37.28,21.88,90.01
5,736.84,66.18,540.48,24.58,22.51,87.57
6,460.0,59.88,460.3,49.72,18.76,92.94
7,394.64,64.34,519.61,35.99,19.51,76.81333333333333
8,430.41,65.21,512.5,31.24,20.32,87.83
9,432.9,63.51,412.19,38.55,20.8,85.61
10,408.16,71.85,538.17,36.91,20.73,82.41
11,392.64,74.98,454.5,24.66,21.12,83.66
12,284.79,64.23,518.91,19.08,21.03,66.96
13,444.47,68.55,461.97,21.22,23.58,89.64
14,397.99,64.42,518.99,27.85,21.56,83.31333333333333
15,359.74,73.42,464.84,26.35,19.23,73.66333333333334
16,393.78,69.13,477.95,30.23,19.65,79.27
17,477.04,67.07,415.8,24.18,19.42,65.88
18,446.17,62.14,519.08,36.81,22.01,80.91666666666667
19,334.03,73.59,567.12,32.39,18.29,80.28
20,390.99,62.29,463.81,31.64,21.92,80.77
21,379.24,70.2,466.4,31.76,18.57,69.44
22,346.23,67.93,474.49,24.74,19.98,74.47
23,385.8,66.51,513.31,31.5,19.09,79.28
24,447.93,65.34,546.72,40.63,19.49,84.81
25,303.87,65.15,404.05,42.79,17.86,79.77
26,540.21,68.05,493.24,32.5,19.77,73.11
27,291.4,65.93,425.79,36.36,22.31,84.07
28,620.03,68.95,526.59,26.17,18.71,74.58
29,539.9,71.64,385.9,27.98,20.33,69.22
30,501.58,73.71,471.35,28.08,21.27,77.77
31,408.14,64.46,528.47,34.98,18.87,85.96999999999998
32,510.28,69.13,483.31,31.45,21.64,85.96
33,420.26,62.21,542.06,31.78,18.16,79.68666666666667
34,562.05,66.58,529.8,27.36,18.32,74.58
35,460.19,76.4,508.85,23.91,18.94,78.65
36,593.98,64.49,528.8,36.1,16.84,74.66
37,487.84,64.82,489.65,25.97,21.69,73.23333333333333
38,404.1,68.71,424.02,20.83,19.49,74.68
39,560.16,59.98,350.51,35.05,23.69,86.55
40,389.87,63.12,455.93,33.71,21.15,80.77
41,296.58,65.98,515.48,30.15,20.27,82.53
42,614.66,71.6,499.02,31.81,20.51,87.54
43,460.72,65.3,437.65,40.54,19.11,79.66
44,535.67,73.66,473.12,26.63,18.52,74.36
45,452.61,63.08,485.4,38.86,18.0,77.04
46,555.29,61.89,499.86,31.96,19.98,85.23
47,317.54,69.15,465.65,41.83,17.83,86.23
48,588.07,70.26,535.14,30.66,21.44,90.19
49,470.28,66.92,459.86,26.16,23.12,87.41666666666667
50,472.96,64.18,468.82,20.55,22.58,78.68
51,392.06,65.71,480.77,28.71,22.2,73.73333333333333
52,427.03,69.68,484.94,29.08,22.29,81.57
53,384.21,73.73,455.08,32.39,19.91,78.38333333333334
54,391.89,68.5,530.84,33.31,20.41,74.2
55,456.09,70.77,512.59,33.38,18.13,77.9
56,437.62,67.61,474.2,25.86,18.57,72.20666666666666
57,466.98,65.76,534.49,38.83,18.21,80.45
58,485.25,67.79,516.33,28.68,20.34,75.46
59,537.59,65.44,475.0,31.49,19.03,83.42
60,444.27,62.92,499.52,36.85,20.55,90.66666666666667
61,330.22,66.92,582.33,25.31,21.83,86.33
62,420.54,65.19,364.76,26.38,19.98,72.57
63,540.08,68.4,571.02,31.89,20.45,80.93
64,595.71,69.46,465.41,45.9,19.55,78.76
65,476.53,75.65,430.41,31.56,19.64,74.38
66,434.93,68.88,521.83,23.59,21.13,76.88
67,373.3,67.41,476.76,18.92,20.22,82.68
68,451.94,65.02,475.38,28.72,21.1,72.97
69,504.49,64.86,444.47,48.62,18.19,78.10666666666667
70,512.86,71.0,478.32,31.0,16.27,74.81333333333333
71,447.31,71.15,493.16,23.61,20.76,73.15
72,394.76,71.24,426.7,24.42,20.27,72.55666666666666
73,341.71,64.31,508.85,26.34,23.66,87.17
74,433.73,67.77,499.65,26.88,23.45,81.3
75,378.26,55.01,498.63,40.48,20.48,83.2
76,357.03,58.56,567.36,40.73,20.07,80.7
77,436.45,66.99,466.17,45.14,17.69,85.45
78,353.34,65.32,480.15,32.37,20.16,74.32333333333334
79,525.27,55.87,450.95,30.41,19.04,66.72
80,523.32,64.91,440.55,32.51,17.71,84.17333333333333
81,377.37,62.51,471.43,21.51,19.65,69.71
82,433.7,70.68,452.34,32.45,18.46,75.29
83,454.21,60.65,581.39,33.28,18.24,80.92
84,321.04,65.06,567.23,35.07,20.4,81.07
85,541.71,72.9,464.71,30.86,17.52,74.36
86,530.04,73.96,474.97,39.19,18.29,87.89
87,448.45,60.9,533.43,31.93,19.29,79.06
88,459.17,75.15,520.53,30.9,21.43,87.70666666666666
89,503.98,63.29,539.77,26.56,20.74,82.31
90,384.22,72.32,482.21,29.79,19.91,73.09
91,435.11,57.89,461.84,38.11,23.39,83.03
92,574.64,62.62,413.03,36.55,17.19,85.55
93,391.52,69.33,474.28,28.66,19.19,72.29
94,575.74,69.49,535.75,26.81,18.6,83.97
95,557.9,66.56,544.17,36.41,22.36,95.92
96,334.6,70.09,482.17,30.02,18.97,73.52
97,498.29,70.65,459.74,29.51,19.49,81.45
98,501.62,68.71,511.43,31.34,19.82,64.66
99,579.22,66.69,431.93,37.4,19.72,73.79
100,448.4,66.23,514.71,24.92,19.24,84.45
101,531.62,71.55,537.24,36.68,18.24,76.97
102,390.08,58.53,522.9,32.26,22.15,89.12
103,572.36,66.31,514.42,29.06,19.62,85.92
104,328.96,68.82,494.08,34.0,18.66,78.41
105,323.69,59.91,479.1,25.45,18.78,74.58333333333333
106,374.45,70.26,458.52,24.34,21.51,75.58
107,347.77,64.88,541.79,30.14,21.11,85.54333333333334
108,398.15,63.84,489.03,32.1,21.3,80.87
109,420.39,63.17,487.01,39.41,18.62,80.41
110,592.96,65.28,546.55,26.76,19.75,84.8
111,480.26,64.59,560.16,34.92,19.49,78.8
112,369.64,56.3,473.15,50.34,21.89,83.13333333333334
113,471.24,71.37,488.96,34.39,19.72,77.52
114,381.42,79.34,511.85,28.42,15.85,66.0
115,442.84,64.37,477.98,34.7,18.25,77.83
116,323.09,64.88,568.97,39.86,18.7,90.11
117,569.08,68.89,512.96,31.73,19.26,93.69
118,369.6,66.19,502.72,26.74,21.83,79.05
119,421.3,62.97,496.74,33.73,19.55,83.24
120,535.0,60.27,482.38,34.0,20.97,83.15
121,465.95,71.55,505.87,22.93,19.77,73.18
122,430.0,60.6,435.48,36.77,16.43,75.73666666666666
123,422.43,72.76,454.67,38.54,19.72,76.02
124,453.62,67.26,515.87,24.59,21.18,76.88
125,414.14,71.06,499.61,32.66,20.74,80.59333333333333
126,432.26,68.92,412.23,23.17,23.46,88.53000000000002
127,359.99,69.22,483.53,29.87,19.63,90.58999999999999
128,627.61,60.03,455.89,35.5,19.77,73.54
129,554.18,62.39,446.78,35.32,19.61,85.3
130,409.12,76.03,510.27,20.23,17.37,73.14
131,511.08,69.78,497.96,31.45,17.34,78.44333333333333
132,357.12,66.26,517.37,23.78,22.7,76.74
133,355.25,65.95,485.35,32.81,20.01,74.32333333333334
134,429.12,60.87,477.85,33.3,20.19,79.83666666666666
135,557.17,73.36,446.39,28.17,19.73,71.25
136,411.58,66.31,452.23,34.99,20.04,78.81
137,518.49,79.5,464.97,19.8,19.92,67.27333333333333
138,297.61,62.24,515.2,22.94,22.06,82.7
139,378.12,66.14,571.08,42.08,18.86,91.70666666666666
140,367.24,59.6,507.72,30.81,21.22,88.97333333333331
141,381.85,61.68,501.83,42.87,19.51,78.85
142,361.7,65.07,480.62,35.34,18.24,72.0
143,504.78,69.8,545.63,25.78,18.71,73.62
144,430.55,56.25,515.5,17.42,21.41,77.96
145,476.31,65.47,526.97,26.76,19.36,68.34
146,392.52,69.73,516.43,38.94,20.01,74.97
147,500.83,64.61,473.07,28.12,19.7,82.31
148,473.59,78.51,488.88,24.23,21.65,80.37
149,237.46,66.09,534.56,30.77,19.81,76.21
150,469.67,66.64,462.93,23.88,18.59,74.46
151,421.65,73.23,534.66,27.35,21.17,83.92
152,589.59,67.14,534.84,32.02,19.22,87.45
153,462.17,63.18,527.97,26.7,19.36,75.35333333333334
154,397.05,71.37,482.76,19.48,19.75,82.68
155,350.47,65.74,527.29,18.68,21.71,68.51
156,325.3,75.0,474.86,19.74,22.93,78.06
157,324.64,77.88,458.95,27.31,20.77,80.73
158,406.37,62.19,508.18,35.25,21.18,83.69
159,464.09,66.53,491.26,16.04,19.84,64.72
160,517.5,71.95,557.98,33.03,20.8,81.69
161,375.58,69.8,446.9,24.44,19.74,74.47
162,394.49,64.66,558.34,38.87,21.31,93.49
163,595.28,64.14,401.43,25.02,23.61,85.37
164,517.18,71.05,483.34,29.58,19.3,85.48
165,509.44,58.15,470.36,38.62,20.55,79.77666666666666
166,599.02,54.57,460.97,25.17,20.25,80.30333333333334
167,616.02,71.47,431.14,28.04,22.11,84.9
168,460.0,61.93,473.12,35.32,20.51,81.92333333333333
169,437.96,75.3,380.53,26.74,20.63,77.56
170,470.32,63.46,481.21,37.82,23.29,97.37
171,289.01,71.51,509.97,26.22,20.01,66.47
172,311.43,59.78,521.93,37.32,19.91,81.69333333333334
173,478.05,63.57,559.05,37.51,19.96,83.49
174,572.54,64.12,409.65,35.41,21.7,76.35
175,401.01,71.24,533.44,27.3,17.9,77.20666666666666
176,424.53,74.32,461.45,36.76,18.65,74.37333333333333
177,714.73,69.14,493.07,23.74,18.26,76.31
178,313.0,75.98,477.77,19.5,21.64,72.17
179,515.73,66.91,476.76,31.22,18.63,82.35
180,455.93,61.99,506.51,32.54,22.52,65.36
181,405.26,68.35,465.03,35.01,18.19,75.73
182,437.38,73.91,534.46,33.05,19.07,66.86
183,518.46,71.8,457.88,14.74,20.49,84.86
184,362.01,65.47,482.52,34.04,20.14,79.06666666666666
185,437.42,57.74,557.37,27.24,23.35,74.6
186,391.05,72.58,502.93,35.08,19.97,85.39
187,268.68,48.35,538.89,48.72,19.16,89.5
188,537.95,68.93,545.48,28.47,21.76,84.38
189,492.99,62.98,486.97,30.25,19.41,80.98
190,460.93,67.67,503.34,22.38,18.52,81.74
191,342.44,70.17,495.39,22.3,21.39,81.94333333333334
192,326.93,60.68,462.63,36.4,18.96,69.2
193,398.36,62.35,415.41,31.33,20.47,77.5
194,428.97,66.0,518.9,38.26,21.44,81.26
195,588.64,70.66,488.37,29.48,21.43,75.48
196,459.19,66.43,538.83,40.0,17.34,80.45
197,248.83,76.1,586.05,19.04,20.07,67.17
198,468.52,66.42,445.46,23.26,23.38,88.28666666666668
199,614.16,62.43,522.32,35.35,18.97,76.65
200,217.19,67.34,523.36,28.92,17.62,70.87
201,519.98,77.81,518.24,28.17,20.28,80.34
202,399.42,64.49,531.98,39.22,19.05,78.4
203,575.34,70.39,492.23,27.76,20.13,93.45
204,397.58,58.33,524.54,22.02,19.91,77.96
205,455.85,64.79,520.17,29.89,19.62,74.0
206,432.86,63.74,474.36,35.54,21.52,73.61
207,458.33,67.08,486.73,21.79,18.01,72.01
208,412.26,58.03,496.2,37.32,20.18,83.2
209,389.6,71.95,544.02,25.93,22.56,86.06
210,264.39,78.16,532.68,24.76,20.49,76.62
211,320.38,69.39,565.06,41.61,18.56,85.06333333333333
212,367.05,66.98,465.92,28.93,20.23,81.0
213,466.24,66.53,466.82,20.63,20.8,82.66
214,426.86,76.55,616.29,19.7,19.61,86.62
215,436.68,66.39,424.36,28.67,18.81,67.91333333333334
216,414.93,73.62,517.96,32.82,18.36,80.28
217,343.02,66.05,464.35,25.1,21.45,72.32
218,459.88,70.51,489.49,41.08,16.77,77.25
219,484.72,69.19,486.01,19.88,25.55,78.17
220,646.06,59.45,524.49,30.94,20.7,70.06
221,530.31,62.06,467.18,41.45,20.09,81.77666666666667
222,373.3,57.7,446.38,40.37,21.58,77.12
223,385.11,69.59,531.15,26.15,22.65,72.45
224,443.84,65.02,492.14,29.6,20.41,81.85
225,370.16,63.05,458.77,30.69,20.39,82.27
226,546.99,75.72,506.59,35.77,20.47,79.75
227,380.07,66.6,519.1,27.08,21.64,79.05
228,510.21,65.82,489.01,34.67,21.17,87.09999999999998
229,481.11,68.65,470.05,28.52,22.55,72.15
230,440.4,62.95,414.24,19.05,18.72,66.84
231,428.76,69.82,479.08,37.53,19.09,82.94333333333333
232,537.59,66.61,462.24,27.22,19.41,64.39
233,606.0,64.19,475.72,35.37,19.8,77.0
234,479.8,66.06,452.18,32.45,21.86,83.05
235,541.99,69.59,524.73,29.07,18.4,77.22
236,442.35,59.77,417.0,34.76,23.66,65.97000000000001
237,334.37,68.78,512.05,25.04,17.95,74.81
238,420.81,66.64,499.72,32.45,19.83,76.48
239,424.1,60.58,478.79,48.42,18.63,92.94
240,536.02,70.5,504.49,26.3,19.06,72.04
241,504.98,72.54,521.26,36.25,19.13,71.11
242,331.37,63.05,523.39,29.65,22.22,91.67
243,230.06,61.0,494.61,24.3,22.64,78.73666666666666
244,390.65,71.36,581.54,22.67,18.64,75.87
245,449.46,58.87,517.89,35.99,21.86,83.39666666666666
246,553.59,69.28,566.66,28.73,21.53,86.99333333333334
247,270.15,67.16,507.17,21.52,19.83,66.96
248,353.68,65.49,533.47,27.47,19.79,84.44
249,408.68,71.99,557.8,29.48,19.36,70.18
250,559.77,70.85,556.73,27.1,19.5,89.00333333333333
251,434.15,71.86,522.32,25.61,20.33,80.43
252,314.57,69.58,487.6,39.96,20.69,85.94
253,377.46,58.64,488.34,28.59,20.59,82.48
254,556.07,70.83,517.61,31.35,19.95,78.79333333333334
255,584.52,73.81,523.48,24.62,20.79,80.92
256,410.3,64.98,507.4,14.88,23.6,81.21
257,433.09,72.3,481.95,27.42,22.24,83.98
258,406.69,66.25,527.64,32.52,21.55,87.23
259,344.9,61.41,497.96,38.8,21.32,80.03
260,460.2,68.13,566.33,28.6,19.93,72.1
261,393.85,69.37,480.34,14.44,22.69,90.04
262,448.18,58.29,474.53,30.47,18.06,75.11
263,434.54,59.5,514.54,39.51,21.01,84.75
264,457.74,60.48,468.0,29.51,21.77,70.01
265,596.18,61.0,471.4,43.79,20.78,80.8
266,414.52,59.37,503.81,41.71,20.0,78.85
267,442.92,57.36,486.15,35.93,22.41,90.23
268,526.76,66.93,500.62,36.41,17.14,67.34
269,407.9,59.55,451.39,33.22,22.65,88.27
270,287.57,72.2,488.35,31.14,20.13,72.46333333333332
271,541.44,72.38,506.08,26.87,20.12,77.31
272,487.97,64.67,533.74,31.34,20.45,70.68333333333334
273,454.36,68.51,486.63,24.58,19.84,74.82
274,470.35,65.62,586.57,40.24,18.41,84.81
275,405.32,64.54,543.51,21.64,20.24,71.51
276,370.82,58.18,535.54,36.87,21.24,77.81666666666666
277,293.05,62.32,474.16,26.11,20.56,68.64
278,468.85,80.2,584.84,15.84,16.4,80.92999999999999
279,563.96,68.56,447.96,38.27,18.72,87.62
280,503.3,68.35,444.71,30.26,20.45,87.96
281,381.87,64.38,433.84,22.79,21.17,81.91
282,399.73,65.52,513.91,33.51,21.67,84.81333333333333
283,510.9,70.51,466.61,31.82,19.52,74.55
284,362.03,74.21,499.52,22.02,18.01,71.12
285,406.75,60.96,491.64,35.72,20.66,84.57
286,460.06,63.75,474.93,32.74,20.63,76.19
287,406.79,66.88,549.64,20.99,15.23,74.64
288,515.0,71.55,463.39,29.72,20.39,69.24
289,554.47,62.33,491.55,32.1,20.8,71.61
290,349.79,71.3,444.22,43.17,19.79,80.89
291,416.82,62.54,443.67,38.06,20.54,85.39
292,513.57,62.9,513.24,38.19,20.99,86.57666666666667
293,307.41,68.2,437.61,34.4,20.43,76.36333333333333
294,412.93,64.04,508.25,23.43,22.25,88.21999999999998
295,546.89,65.98,456.67,34.25,20.63,88.57
296,346.8,67.1,439.82,22.53,18.92,63.82
297,505.86,58.58,492.65,28.11,21.8,78.08
298,393.53,75.43,523.27,36.34,23.33,97.09999999999998
299,236.35,64.69,552.64,25.42,21.23,83.51
300,449.09,64.73,551.04,25.05,18.94,73.25
301,418.8,62.1,519.86,30.32,20.82,79.38
302,589.61,64.47,439.54,36.64,19.72,71.57666666666667
303,258.47,62.94,538.89,30.98,20.36,79.28
304,467.0,66.46,559.27,31.58,19.55,89.98
305,489.95,68.1,515.87,24.1,21.57,82.40666666666667
306,316.88,69.17,488.31,30.68,22.35,84.35
307,369.7,77.02,519.5,29.77,21.63,76.62
308,469.79,60.12,482.82,32.07,21.8,83.85333333333334
309,494.77,70.94,480.85,32.46,21.72,79.17
310,420.17,73.65,440.93,25.16,17.18,74.37
311,95.05,70.5,544.69,35.19,21.76,80.78
312,496.22,70.26,532.63,36.39,18.07,81.74
313,474.87,64.92,446.38,36.65,21.11,63.35999999999999
314,433.25,70.51,543.55,34.22,19.31,78.74
315,475.87,75.18,555.13,22.79,20.38,73.7
316,321.82,67.79,556.93,35.92,18.83,91.06
317,437.66,58.16,515.19,25.94,21.39,77.26
318,474.76,62.63,448.13,24.54,17.86,65.85
319,397.51,72.56,652.55,40.54,17.1,84.94
320,310.1,66.95,488.29,30.86,20.43,82.36
321,370.22,61.34,562.73,27.6,21.75,90.28000000000002
322,524.82,75.46,489.42,30.76,20.17,84.12
323,581.88,68.97,385.11,35.03,19.07,72.23
324,428.06,76.39,464.54,22.11,22.14,81.07
325,410.17,67.47,480.86,35.31,18.43,78.97
326,395.91,63.34,461.53,31.04,20.49,73.46
327,482.81,63.63,534.15,36.74,20.23,79.88
328,322.37,65.59,452.43,37.82,18.16,79.19333333333333
329,450.65,74.23,555.7,30.86,17.79,87.17
330,403.55,64.98,457.0,36.39,15.64,69.58
331,324.58,64.4,489.1,29.01,18.04,87.74333333333334
332,379.16,56.39,520.41,43.48,20.17,89.50999999999999
333,318.21,61.23,505.08,23.58,20.43,75.17
334,642.67,66.7,498.99,29.42,22.93,79.08
335,433.13,60.54,541.59,32.84,20.72,92.55
336,355.45,62.17,546.76,29.01,19.92,81.85333333333334
337,506.96,59.45,436.15,44.72,21.68,78.14
338,418.36,58.45,485.78,25.31,23.6,84.20333333333333
339,590.26,64.53,503.99,48.82,20.79,85.50999999999999
340,307.56,63.46,526.1,45.23,18.43,84.92
341,465.52,73.38,437.49,30.21,19.98,87.18
342,432.21,74.73,525.83,19.77,22.35,87.64
343,562.84,60.83,443.92,32.99,21.0,88.2
344,494.91,60.73,431.2,24.33,21.18,74.97333333333334
345,532.07,63.18,476.06,28.33,20.34,73.46
346,426.22,60.09,499.07,30.71,20.49,89.98666666666668
347,452.8,66.03,533.47,27.58,19.0,83.52
348,403.18,64.44,455.99,32.71,17.68,86.73333333333333
349,340.97,61.29,457.55,31.72,21.9,79.97
350,528.42,75.49,533.11,30.94,16.58,69.27
351,491.85,65.53,431.84,26.6,22.02,73.0
352,448.38,63.41,437.13,39.02,21.61,82.29
353,494.36,56.54,500.79,33.22,18.06,75.56
354,392.54,66.17,494.35,27.44,21.69,80.23
355,430.17,67.99,572.52,26.32,21.22,84.12
356,480.51,61.09,527.99,16.82,19.76,81.44
357,416.46,72.67,566.17,25.57,19.07,86.12
358,382.9,64.17,471.22,30.33,19.04,73.78
359,329.83,59.27,476.0,33.03,18.42,73.17
360,329.67,69.36,524.0,25.93,18.57,68.5
361,520.1,65.09,466.78,31.17,22.18,86.33
362,336.29,75.93,498.95,37.92,19.92,82.97
363,298.51,65.6,506.85,18.93,21.33,76.4
364,552.24,61.75,429.71,25.31,22.14,81.22
365,608.0,69.23,412.09,27.04,19.36,80.22
366,565.83,74.6,471.81,23.99,16.95,75.31
367,416.33,63.91,529.51,27.86,19.87,83.78
368,414.18,71.9,533.35,32.34,20.72,86.62
369,507.57,64.54,510.68,30.15,18.55,77.99
370,454.25,69.63,484.57,27.65,18.83,78.54
371,420.08,67.17,569.23,30.59,17.7,74.74333333333334
372,435.76,70.59,462.48,14.51,18.87,73.06
373,427.41,59.39,492.56,42.71,18.48,74.51
374,458.83,65.17,475.88,34.03,17.78,81.7
375,528.04,66.94,466.43,24.43,22.27,80.7
376,268.61,68.05,493.37,22.66,20.46,74.19
377,494.19,74.83,462.08,36.64,20.71,85.78000000000002
378,517.06,61.62,499.56,30.49,21.48,76.41
379,391.31,71.72,480.77,24.79,18.39,78.01
380,494.38,70.29,443.03,26.54,20.02,88.8
381,404.73,70.39,486.97,22.93,19.85,73.15
382,410.85,67.63,558.82,32.5,14.96,84.22
383,364.22,66.13,562.83,28.09,18.98,80.54
384,447.95,73.26,462.81,27.88,19.12,69.26
385,505.98,66.91,454.61,34.35,21.7,83.75
386,330.27,67.88,432.49,19.48,18.37,76.09
387,479.19,68.32,413.28,34.93,19.13,84.74
388,532.95,72.25,480.65,19.73,21.04,78.44
389,316.49,70.16,483.13,35.01,17.5,72.75
390,469.57,75.84,542.75,29.47,18.92,74.84
391,741.84,67.76,446.12,28.2,16.27,76.31
392,390.23,70.23,497.86,35.61,20.4,85.39
393,426.37,64.91,492.65,23.22,20.91,88.34999999999998
394,454.12,58.25,431.13,42.05,20.55,77.59
395,203.14,61.21,498.55,29.56,21.53,81.74
396,384.44,68.52,538.6,25.84,20.43,81.89
397,409.37,57.33,520.93,31.43,23.56,83.19333333333333
398,481.15,59.99,457.59,30.32,23.32,84.29
399,428.72,67.2,510.11,41.88,17.76,76.12
400,292.28,65.71,553.17,44.82,18.88,84.92
401,395.26,68.67,570.49,30.0,19.91,89.58
402,459.82,59.56,507.04,28.09,18.62,83.56
403,557.76,70.36,437.08,22.03,18.92,76.5
404,415.45,63.55,498.69,35.66,18.39,80.22
405,469.26,62.85,483.0,29.33,23.46,86.27
406,584.2,57.79,474.05,32.05,21.14,85.12
407,400.09,73.32,506.2,35.08,17.53,73.66
408,418.56,57.89,489.29,26.67,22.93,89.71
409,458.33,65.9,522.88,23.15,23.82,78.17
410,263.51,70.25,470.52,26.14,19.62,75.05
411,387.12,62.15,529.71,35.33,18.97,93.21999999999998
412,429.9,64.16,471.81,27.98,22.38,87.46999999999998
413,485.29,61.35,425.84,41.3,19.12,76.05
414,325.1,72.26,477.03,21.87,18.62,71.35
415,497.27,69.54,482.41,22.6,20.78,67.96
416,333.18,74.4,592.07,33.03,19.99,74.57
417,461.66,67.35,448.67,28.78,19.98,76.54
418,510.32,65.63,481.27,30.6,19.34,71.95
419,374.1,66.93,559.07,27.91,19.07,71.03
420,306.29,78.42,505.82,27.04,20.83,84.44
421,493.73,67.91,520.21,32.12,21.53,83.33
422,284.03,73.11,510.01,22.42,22.13,77.38
423,443.08,63.09,425.4,42.13,19.31,75.91
424,330.09,65.08,540.57,23.11,20.56,74.67
425,409.61,61.32,517.2,28.91,20.92,76.56
426,353.19,67.47,492.75,23.03,21.85,82.63
427,354.52,69.43,525.45,27.06,20.44,82.16666666666667
428,358.65,69.87,456.79,34.54,20.58,84.87
429,448.91,59.06,494.91,36.2,19.79,76.05
430,556.38,67.67,505.58,31.46,21.69,85.88
431,393.15,79.34,524.46,24.26,18.49,78.65
432,383.81,69.79,536.12,28.87,18.94,78.65333333333332
433,333.18,67.19,455.99,24.44,19.5,81.52666666666666
434,523.61,72.49,457.0,17.54,20.04,79.27
435,538.14,68.93,517.35,31.1,21.45,85.88
436,467.53,67.4,518.1,31.17,20.73,83.43
437,413.9,66.99,459.17,37.49,18.5,72.07
438,471.18,61.91,474.56,38.21,20.92,85.05
439,387.67,57.6,504.14,32.28,23.46,74.59
440,508.92,71.72,450.16,28.76,22.54,88.40333333333332
441,375.08,70.47,541.09,28.7,22.64,79.4
442,279.56,60.16,498.96,27.71,21.76,72.61
443,644.33,69.11,493.47,23.08,19.56,74.27666666666666
444,348.68,54.74,505.62,26.22,20.58,78.43
445,471.51,64.38,457.5,36.12,22.56,78.52
446,318.17,67.54,481.72,26.96,20.91,82.56
447,502.92,66.86,503.88,28.45,18.2,76.28
448,344.73,69.33,582.97,25.66,20.71,95.11
449,512.38,64.85,550.13,28.24,20.16,75.03666666666666
450,396.79,69.0,537.58,28.73,17.9,80.5
451,304.98,65.86,504.93,37.61,19.34,77.54
452,519.14,75.88,508.54,38.76,18.17,91.46999999999998
453,552.48,61.77,472.53,37.27,19.99,77.93
454,294.6,64.7,465.8,26.83,21.87,83.87
455,458.81,65.05,468.79,30.32,19.92,82.31
456,442.59,64.02,473.26,34.16,20.23,73.9
457,389.2,66.37,467.75,36.57,22.49,76.67
458,492.9,64.18,503.19,30.89,20.42,86.98
459,463.58,68.0,557.1,36.5,17.01,88.45
460,505.58,64.75,532.24,33.8,18.59,83.8
461,460.39,63.06,472.57,30.22,19.99,74.22
462,317.47,72.69,533.85,19.6,20.48,67.17
463,518.51,63.58,488.63,38.7,18.89,77.93
464,334.81,74.82,435.7,29.56,20.44,81.26
465,309.68,64.47,532.05,26.87,19.79,80.6
466,514.45,70.54,563.74,40.73,18.68,83.36
467,399.29,62.45,454.53,28.7,20.99,77.29
468,418.03,71.3,587.47,35.02,19.88,84.63
469,454.94,73.46,468.75,27.47,21.16,73.76
470,485.68,63.36,510.03,30.29,20.16,86.98
471,435.74,62.95,489.69,29.07,20.35,75.92
472,476.45,70.5,490.27,41.75,17.86,77.25
473,466.82,61.01,490.91,26.77,23.16,84.43
474,481.99,68.66,482.62,26.82,22.07,72.56333333333333
475,435.44,69.09,537.99,25.66,20.38,84.74666666666667
476,389.91,60.34,531.11,26.98,20.17,79.69999999999999
477,523.11,65.72,512.93,34.87,21.54,87.09999999999998
478,391.83,67.46,488.67,29.37,20.18,73.59
479,406.42,67.79,512.32,20.78,22.9,91.7
480,421.65,62.86,470.51,33.73,19.56,80.54
481,514.33,69.9,477.86,40.09,19.73,79.86
482,407.8,58.63,443.47,32.62,20.02,82.43
483,482.6,68.85,501.61,33.95,22.43,90.01
484,431.37,68.28,497.87,35.93,18.49,81.04
485,399.1,63.06,452.42,29.51,18.69,67.11
486,530.73,69.51,479.04,26.05,16.1,73.97333333333333
487,524.2,66.22,490.26,35.69,17.87,88.21999999999998
488,392.01,60.81,524.51,32.14,20.21,79.59
489,493.01,68.37,480.9,30.87,23.26,85.68333333333332
490,440.35,61.77,495.02,15.21,24.43,65.2
491,448.51,71.69,443.51,30.25,18.72,91.29
492,350.6,63.68,499.58,25.63,21.78,82.03
493,326.68,68.79,468.03,14.06,23.39,84.75
494,582.22,66.8,484.85,38.42,21.54,77.96
495,484.27,59.6,417.33,38.51,20.98,80.71
496,448.66,60.13,506.07,36.63,21.5,84.69666666666667
497,445.88,70.61,562.22,34.35,19.37,79.97
498,339.53,70.17,489.89,42.38,19.48,78.35
499,489.59,61.64,501.62,28.5,21.92,76.23
500,340.86,67.38,474.52,29.56,18.51,78.56
501,334.74,55.75,476.83,33.06,20.96,77.74
502,473.07,66.48,549.21,21.4,20.91,79.75
503,411.77,72.13,528.15,32.63,20.19,88.40666666666668
504,317.35,73.77,530.84,33.95,20.75,88.58999999999999
505,408.27,53.59,494.54,37.19,19.29,79.93
506,350.99,67.21,519.39,31.17,19.69,80.56
507,346.08,66.22,470.84,35.91,22.82,80.99
508,641.82,70.85,492.04,28.49,20.03,91.54
509,389.34,64.62,501.71,28.74,20.31,85.18
510,411.99,69.55,471.91,20.41,19.97,82.68
511,451.17,71.87,466.65,30.01,20.43,73.99
512,563.82,66.71,445.79,17.58,21.08,71.61
513,619.39,76.64,458.11,31.75,19.4,74.69
514,408.6,63.62,531.98,29.54,21.62,83.14
515,539.34,56.89,411.92,27.9,21.82,80.28
516,256.53,73.87,564.35,27.38,21.67,72.69
517,354.28,73.41,579.26,34.28,18.58,78.1
518,507.92,72.54,519.55,23.02,17.95,81.00666666666667
519,425.68,66.17,541.99,40.96,22.84,84.01666666666667
520,552.64,70.45,482.21,30.5,17.82,74.36
521,391.95,65.05,498.99,31.18,17.94,65.29666666666667
522,508.16,73.45,569.21,26.69,19.36,77.17333333333333
523,526.59,71.63,509.25,26.35,18.41,86.28000000000002
524,433.87,70.29,450.55,23.28,18.17,75.25
525,376.8,73.01,429.84,30.99,18.3,74.16
526,480.65,67.05,519.77,40.31,19.44,87.86
527,525.87,70.53,515.47,17.45,22.38,84.09
528,317.23,63.66,468.44,21.87,19.69,70.24
529,517.12,70.51,494.43,31.88,20.81,70.23
530,428.86,69.7,521.64,36.13,19.63,85.33666666666666
531,470.93,62.66,442.87,23.06,18.92,79.08999999999999
532,344.61,65.31,558.47,40.16,22.06,80.02
533,406.71,61.05,471.32,34.57,17.45,80.55666666666667
534,418.22,68.44,541.29,27.67,19.88,91.12
535,222.05,65.76,516.31,24.42,21.34,76.26
536,319.14,64.41,475.5,39.0,18.4,79.4
537,396.56,62.55,496.34,24.53,17.98,79.7
538,514.78,75.08,580.69,31.55,19.69,82.65
539,599.67,72.14,516.85,23.6,20.01,81.2
540,463.5,64.16,433.55,27.36,21.51,82.30333333333333
541,445.1,76.24,454.04,19.93,19.33,78.34
542,391.45,64.43,458.14,31.47,18.49,73.78
543,413.52,66.8,547.91,25.42,19.95,78.07666666666667
544,302.26,69.76,559.13,33.05,20.03,84.88666666666667
545,191.13,66.46,505.33,38.35,24.47,86.65000000000002
546,382.61,63.93,441.07,33.91,17.46,80.55666666666667
547,396.79,60.78,509.56,27.24,20.48,81.49
548,553.94,68.17,528.24,26.99,20.03,84.8
549,337.59,69.07,436.66,28.45,22.64,96.56
550,392.91,69.08,486.31,27.45,21.54,79.57333333333334
551,473.42,73.04,537.09,29.66,20.79,77.37
552,414.09,63.77,543.28,19.36,23.75,78.76
553,323.12,60.26,555.3,29.45,18.02,75.84
554,407.74,65.87,462.36,25.91,21.66,85.52
555,454.17,68.73,562.74,33.79,22.23,90.37
556,369.88,56.43,401.18,26.97,19.61,68.91
557,419.24,66.64,449.75,37.67,19.33,75.11333333333333
558,447.09,74.98,467.79,16.6,21.02,70.74
559,334.51,61.74,529.77,32.39,18.39,78.22
560,571.56,68.59,423.89,37.54,20.12,86.2
561,429.85,63.52,474.59,30.8,20.47,82.24
562,415.38,67.12,470.44,30.9,19.88,73.59
563,491.46,64.29,529.45,23.17,19.01,68.34
564,400.3,72.74,532.7,31.47,20.29,87.36
565,424.15,64.17,478.11,24.49,19.35,70.0
566,516.41,71.69,463.73,38.38,17.17,84.49
567,309.84,68.72,515.29,18.31,18.57,80.45
568,295.59,65.07,487.57,26.88,25.89,87.39
569,487.21,73.16,516.39,27.69,17.91,77.83
570,334.26,65.85,476.42,32.64,19.82,76.91
571,317.09,56.22,537.43,40.14,21.03,75.12
572,512.91,72.64,470.48,25.31,16.81,75.31
573,414.05,67.71,533.11,36.5,18.14,77.45
574,540.5,70.33,449.13,40.71,17.44,79.02
575,376.09,59.06,409.51,32.91,24.04,88.27
576,396.42,63.33,494.98,36.19,22.0,83.77
577,460.97,61.55,483.66,37.92,18.73,75.52
578,521.01,70.81,501.11,25.58,22.17,81.77
579,418.91,73.85,403.89,27.68,18.6,77.56
580,378.56,62.32,517.29,34.14,18.84,83.16333333333334
581,339.69,60.03,457.73,37.32,22.23,79.97
582,460.84,65.38,469.39,23.78,19.86,75.07
583,460.36,71.84,480.97,25.65,21.26,88.71
584,361.73,62.69,606.54,26.98,22.61,82.96
585,516.95,64.91,571.34,32.14,18.67,82.40666666666668
586,423.43,73.03,547.52,30.43,19.15,81.18
587,408.48,72.34,541.4,28.96,19.65,93.08
588,533.41,62.46,498.38,26.84,21.25,76.75666666666666
589,514.2,73.91,517.72,29.86,20.97,78.57
590,363.72,70.34,455.34,19.85,21.66,73.73
591,548.6,59.28,495.5,32.61,19.13,78.84
592,319.63,64.05,479.97,42.39,21.05,80.38666666666667
593,452.09,68.04,497.41,26.48,20.92,84.53
594,588.84,59.48,490.26,38.81,19.61,82.55
595,305.59,66.34,494.9,40.45,18.97,78.36
596,331.22,68.92,498.02,30.24,18.93,78.41
597,408.05,64.89,503.25,35.37,19.18,76.99
598,518.58,72.27,537.05,22.27,21.5,81.11
599,434.14,67.18,512.59,34.33,20.0,76.48
600,452.69,61.15,516.44,26.03,18.61,81.94
601,417.02,63.26,510.1,33.36,20.72,73.58
602,513.18,66.79,467.57,36.01,20.32,82.17
603,323.58,70.01,581.43,25.41,19.42,84.05
604,457.41,64.64,449.34,26.55,19.85,82.09
605,451.79,64.81,479.34,25.42,18.74,70.0
606,501.35,60.53,491.91,33.56,20.06,83.48
607,363.12,64.42,541.6,25.98,15.93,85.52
608,429.43,54.46,466.26,37.87,21.44,73.8
609,601.69,62.27,513.35,34.59,21.75,84.66
610,507.02,67.15,465.89,22.05,15.84,71.06
611,492.1,64.26,487.15,29.75,18.62,76.28
612,502.24,59.73,508.08,37.84,20.06,81.53
613,466.69,74.42,450.15,35.7,21.82,76.27
614,510.18,62.33,489.15,36.04,18.77,90.23
615,415.71,72.92,578.54,33.81,20.81,86.79666666666667
616,554.6,68.23,451.62,36.05,15.29,70.85
617,382.99,75.37,569.44,29.35,20.15,77.71333333333332
618,549.94,66.77,541.59,27.54,17.67,74.70666666666666
619,396.01,65.32,506.07,33.56,17.7,76.74
620,426.43,64.94,511.59,22.77,19.05,73.86
621,496.46,71.67,506.02,23.78,18.54,78.14
622,468.18,60.39,499.39,37.14,20.35,89.22333333333331
623,414.54,63.83,471.22,37.01,20.2,75.41333333333334
624,604.84,63.33,425.31,24.95,20.86,80.96
625,408.96,64.41,410.76,40.17,19.99,76.86
626,403.39,69.81,481.78,26.01,19.19,70.38
627,410.23,67.59,523.99,34.1,20.46,79.41
628,504.22,70.2,512.51,21.19,18.79,83.46
629,542.63,66.71,529.89,28.96,19.3,87.45
630,480.15,62.97,624.89,35.84,19.7,80.07
631,502.93,75.33,455.46,27.95,16.75,80.23666666666666
632,346.62,73.09,472.38,17.08,21.38,78.06
633,417.19,55.89,443.52,37.17,20.82,74.27
634,564.62,60.59,450.62,33.33,19.2,71.94
635,465.63,57.48,410.19,46.61,20.4,79.41
636,522.57,64.45,440.81,26.73,21.39,77.20666666666666
637,365.65,66.42,469.64,30.11,20.83,79.38
638,407.76,62.65,463.12,30.13,21.95,79.45666666666666
639,490.16,68.75,446.8,19.41,19.02,76.77
640,511.14,73.54,514.14,22.92,17.48,63.98
641,275.67,66.66,519.74,32.57,20.25,76.21
642,251.43,66.27,521.58,24.27,19.74,76.49000000000001
643,416.07,70.99,636.3,37.93,16.37,84.94
644,477.3,68.91,535.76,26.58,16.36,82.54
645,557.14,64.2,510.56,28.48,19.39,83.73
646,452.28,68.4,354.59,41.63,19.81,69.34
647,508.39,72.28,443.12,34.34,20.32,79.81
648,626.57,75.41,507.22,18.13,20.11,76.56
649,517.51,63.42,501.32,18.01,17.84,71.92
650,513.48,62.26,496.91,33.46,21.43,76.41
651,386.46,65.68,437.97,35.8,20.89,74.16
652,553.89,58.9,489.98,35.24,19.98,82.55
653,493.2,59.25,549.43,35.52,19.09,90.7
654,330.99,61.56,487.47,33.39,18.96,77.08666666666666
655,546.47,78.43,514.34,13.34,19.01,73.74
656,438.74,66.06,484.49,30.68,18.61,90.83999999999999
657,434.62,65.12,540.18,34.84,19.99,81.11
658,440.1,67.33,524.27,20.5,19.66,75.19
659,473.19,63.82,523.85,33.85,18.39,83.8
660,376.68,61.21,559.33,31.79,19.61,88.7
661,568.0,68.15,477.54,22.12,21.23,71.61
662,488.49,61.43,414.28,29.2,20.26,70.57
663,372.81,64.95,512.9,30.04,19.27,79.28
664,552.45,64.23,545.09,27.6,21.09,77.76
665,408.85,57.4,479.23,26.92,23.62,84.20333333333333
666,362.21,67.24,521.25,32.25,19.57,79.28
667,476.88,67.59,474.33,24.12,22.51,86.11
668,355.96,68.63,523.29,23.45,18.93,77.02
669,337.81,66.86,563.76,34.91,17.24,76.82
670,417.91,74.42,503.08,39.05,18.72,79.88
671,474.68,67.83,477.05,29.1,20.1,82.49
672,463.95,69.81,490.72,28.76,19.16,81.25
673,378.55,61.62,448.47,22.14,21.73,81.91
674,476.15,75.47,497.76,30.76,18.49,78.47
675,389.66,57.28,447.41,31.04,23.58,80.59
676,502.85,63.61,528.29,34.98,21.35,78.8
677,497.11,69.16,558.35,24.09,22.63,85.92
678,379.79,69.86,545.41,26.84,18.9,80.54
679,346.56,73.59,554.21,24.13,22.36,81.61
680,414.04,72.84,565.88,21.7,19.74,81.26
681,352.26,60.77,508.31,26.31,21.8,83.33
682,500.72,67.13,537.88,27.35,21.69,85.49666666666667
683,347.56,56.8,499.61,37.12,20.55,85.71
684,314.92,61.62,467.21,41.21,19.43,69.2
685,307.25,62.31,527.04,38.03,21.68,74.12
686,501.56,67.32,462.4,29.37,18.62,82.19
687,445.37,68.21,520.6,24.84,20.57,79.71
688,254.0,59.79,546.05,31.44,19.71,73.41333333333334
689,324.91,69.28,467.7,19.54,19.22,79.17
690,437.67,64.5,452.2,33.64,21.86,78.52
691,498.77,62.01,536.85,28.49,22.17,86.59999999999998
692,413.45,62.18,457.21,34.95,18.69,73.24333333333334
693,420.23,69.05,537.76,28.42,17.77,80.5
694,577.42,59.65,445.78,36.23,19.5,85.3
695,388.17,68.09,489.09,26.66,17.81,73.83
696,349.36,71.26,489.71,33.67,21.92,78.39
697,490.52,76.76,479.59,23.33,21.19,78.64999999999999
698,484.76,67.23,548.47,23.38,20.68,82.71
699,286.85,62.83,542.19,39.77,22.88,87.81
700,405.17,71.79,462.71,30.38,22.6,85.33999999999999
701,555.7,68.34,498.53,33.89,16.8,73.50333333333333
702,335.1,65.71,431.51,37.33,19.18,77.81
703,419.66,78.27,517.67,32.9,17.71,80.28
704,440.15,68.74,489.35,26.08,19.22,70.38
705,512.7,67.44,518.06,32.46,19.5,64.66
706,407.44,56.79,560.7,30.4,21.27,88.79
707,466.05,65.37,502.1,23.48,22.9,85.42
708,437.0,70.58,570.01,30.0,20.62,84.12
709,555.17,72.11,506.37,27.02,19.89,87.46
710,427.35,74.58,512.26,23.92,21.29,79.65
711,443.27,61.04,531.0,33.55,20.07,69.43
712,477.47,67.03,639.14,25.28,18.34,88.57
713,415.28,65.16,568.23,29.44,21.55,83.25
714,402.89,73.44,548.27,14.45,22.24,80.81
715,419.47,60.4,498.3,13.49,21.77,83.03
716,486.53,62.02,485.3,39.77,19.59,76.64
717,364.0,61.41,553.77,28.59,17.81,78.08
718,402.67,66.53,542.36,17.53,20.61,78.83
719,397.77,68.7,550.07,34.29,21.48,89.39
720,486.09,62.72,510.67,40.89,19.78,88.51
721,575.27,70.91,446.82,33.55,19.87,82.66
722,484.73,60.93,496.54,35.5,17.47,77.61
723,460.33,75.35,503.7,28.5,22.02,79.01
724,380.75,71.29,515.56,31.02,20.18,74.13
725,425.79,72.85,476.53,32.25,16.59,73.83
726,479.27,64.91,484.62,29.74,22.97,85.52
727,442.88,66.29,441.67,36.16,18.19,86.68
728,497.3,64.49,447.6,24.38,18.83,77.0
729,343.97,59.26,554.5,29.39,17.57,75.84
730,479.81,65.8,499.66,39.94,15.96,77.11666666666666
731,342.94,62.11,546.14,29.49,18.66,76.21
732,394.31,66.79,473.17,34.26,20.24,80.63
733,356.18,72.63,504.18,27.64,19.07,81.91
734,444.04,72.3,483.75,33.21,20.02,77.87
735,462.31,65.08,426.0,38.66,22.71,82.69333333333334
736,474.26,67.05,517.02,36.02,20.37,79.41
737,498.71,63.22,469.06,35.23,18.38,79.66
738,510.89,68.68,558.96,23.87,18.68,83.36
739,452.14,75.57,579.45,30.76,18.06,78.72
740,538.8,57.02,494.62,27.38,18.15,80.93
741,528.06,64.93,522.08,40.25,20.71,84.32333333333334
742,545.65,66.14,483.97,31.65,19.26,83.42
743,347.88,71.73,570.28,29.41,20.86,89.98
744,369.44,71.3,569.25,39.05,20.54,86.29
745,308.65,70.92,479.08,33.87,17.21,72.75
746,488.99,54.1,446.35,22.87,23.29,80.83333333333333
747,463.37,57.59,538.41,33.21,20.37,92.55
748,543.09,72.81,480.47,24.06,19.15,76.07
749,381.4,68.25,478.52,32.08,19.94,87.25
750,510.41,65.83,496.33,30.64,17.64,76.28
751,426.19,64.17,533.04,32.53,22.05,92.36
752,518.98,57.0,484.65,28.09,20.19,81.01
753,440.74,64.08,453.08,38.31,21.48,79.94
754,420.01,68.1,541.42,41.73,20.41,80.29
755,478.61,67.1,557.23,36.09,19.13,84.81
756,377.94,69.84,500.01,30.85,20.59,76.15
757,535.46,64.48,550.75,34.89,20.22,88.12
758,370.64,66.18,567.97,23.87,17.62,75.26
759,303.03,60.16,469.35,34.15,21.03,75.85
760,510.95,66.79,476.89,24.49,22.29,86.11
761,412.93,59.52,530.76,41.73,18.13,75.20333333333333
762,459.98,67.28,500.75,27.41,21.71,80.24
763,344.15,69.08,525.81,21.81,19.94,78.63
764,408.81,65.43,460.45,39.54,18.36,75.92666666666666
765,586.04,80.14,435.41,27.05,20.68,73.63
766,415.48,57.22,524.17,19.48,20.04,77.96
767,569.1,70.99,521.69,22.01,16.21,87.58
768,506.88,61.57,433.56,33.86,20.03,73.97666666666667
769,428.22,66.13,497.76,22.18,20.61,73.08
770,538.25,65.59,529.91,38.92,19.75,83.37
771,446.19,67.78,523.41,34.14,20.21,79.41
772,305.19,63.24,477.79,32.77,21.56,87.21
773,481.5,75.27,455.82,30.57,18.1,82.43
774,381.06,76.08,511.15,33.21,19.95,79.21
775,468.81,69.15,570.02,30.46,19.78,89.98
776,381.0,71.34,458.59,36.56,19.14,84.68
777,409.41,61.14,476.53,37.29,19.1,78.01666666666667
778,383.94,71.63,507.82,15.61,21.41,67.32
779,513.91,59.8,546.16,25.69,19.86,82.05
780,456.9,70.93,502.55,28.34,17.39,65.84
781,533.45,61.13,428.63,31.21,18.76,73.85
782,492.75,71.5,495.72,32.11,18.98,74.55
783,330.17,67.71,508.71,30.33,18.58,78.41
784,412.06,66.57,522.75,22.88,20.72,74.03333333333335
785,360.91,71.21,450.57,42.88,21.18,84.57
786,378.16,58.82,462.9,33.73,18.56,77.31333333333333
787,310.41,69.04,527.76,32.25,18.41,75.67
788,504.03,71.49,518.46,40.84,19.65,81.64
789,465.31,73.23,507.18,29.62,20.14,79.4
790,431.26,53.25,380.84,33.84,23.82,66.96
791,347.68,66.08,508.22,37.25,21.34,77.35
792,156.05,59.99,489.75,28.91,21.13,80.42
793,489.39,72.05,426.38,37.57,19.62,69.0
794,362.73,69.28,482.62,29.94,19.3,76.43
795,421.39,55.97,451.86,29.25,18.96,77.42
796,572.9,59.42,502.12,36.12,19.7,82.55
797,460.78,64.28,560.54,31.2,15.11,84.22
798,499.75,67.2,536.88,30.68,17.57,78.8
799,453.78,58.24,442.83,26.21,20.58,82.24
